{"cameraMode":{"drawMode":0,"name":"Shaded","section":"Shading Mode"},"sceneLighting":true,"audioPlay":false,"sceneViewState":{"m_AlwaysRefresh":false,"showFog":true,"showSkybox":true,"showFlares":true,"showImageEffects":true,"showParticleSystems":true,"showVisualEffectGraphs":true,"m_FxEnabled":true},"in2DMode":false,"pivot":{"x":-2.5017387866973879,"y":0.8827927708625794,"z":-0.21125859022140504},"rotation":{"x":0.07051340490579605,"y":0.42419108748435976,"z":-0.03315742313861847,"w":0.9022073745727539},"size":0.22137504816055299,"orthographic":false}